Age,mu_1905,mu_1906,mu_1907,mu_1908,mu_1909,mu_1910,mu_1911,mu_1912,mu_1913,mu_1914,mu_1915,mu_1916,mu_1917,mu_1918,mu_1919,mu_1920,mu_1921,mu_1922,mu_1923,mu_1924,mu_1925,mu_1926,mu_1927,mu_1928,mu_1929,mu_1930,mu_1931,mu_1932,mu_1933,mu_1934,mu_1935,mu_1936,mu_1937,mu_1938,mu_1939,mu_1940
0,0.152210587,0.156442556,0.13956035,0.142633057,0.127956257,0.123575686,0.153477087,0.111631266,0.127997631,0.123388418,0.123888521,0.107183885,0.103329959,0.115723979,0.114024835,0.102463933,0.093478517,0.08634884,0.081531911,0.088462513,0.08661805,0.081377603,0.079329175,0.077053805,0.085940357,0.070594604,0.078177487,0.076224815,0.074529321,0.067606804,0.066037928,0.068492821,0.066853566,0.061346881,0.058287412,0.067290129
1,0.044270238,0.045779515,0.042940756,0.042042109,0.039220481,0.036171161,0.041845245,0.032819104,0.035970512,0.035326965,0.039441225,0.027282969,0.029919522,0.040884723,0.025724891,0.026744681,0.020609351,0.024525095,0.022010665,0.023602338,0.02348443,0.019154683,0.02095655,0.017092999,0.024360471,0.017340496,0.017089589,0.01596047,0.015350113,0.015135328,0.01301489,0.012938283,0.012309054,0.011203052,0.009518135,0.01183125
2,0.017274417,0.017252249,0.017228465,0.015977288,0.015839294,0.01404878,0.016539956,0.013558152,0.01435076,0.014471216,0.017810259,0.013445415,0.013516363,0.021544314,0.012278554,0.01089888,0.009189866,0.011295014,0.009677355,0.010371562,0.010370552,0.008959737,0.008909344,0.007440628,0.010055931,0.007383865,0.00761497,0.006829205,0.006543496,0.006570081,0.005041482,0.005624538,0.005239259,0.00473242,0.00359621,0.004992149
3,0.010896866,0.010741803,0.010702034,0.010010044,0.009966537,0.008860102,0.010391441,0.008674102,0.009127634,0.009321043,0.011261007,0.00888155,0.009456255,0.01377801,0.008003207,0.007148007,0.005628952,0.00672798,0.006069361,0.006444146,0.006521363,0.005850042,0.006322364,0.004590361,0.005945119,0.004979609,0.004978976,0.004521881,0.004394913,0.00449127,0.003535764,0.003720157,0.003469282,0.003180937,0.00247741,0.003381723
4,0.008045882,0.007880786,0.007833151,0.007388801,0.007388133,0.006581535,0.007550988,0.006416971,0.006713952,0.006941937,0.008236924,0.006676042,0.006982733,0.010870229,0.006376752,0.005811527,0.00415098,0.004167094,0.004424125,0.004654392,0.004766232,0.004489527,0.004726296,0.004222671,0.004340579,0.003940719,0.003969838,0.003652841,0.00360197,0.003745407,0.003020341,0.003069762,0.002865976,0.002667711,0.002127747,0.002858079
5,0.005926746,0.005723898,0.005675784,0.005399284,0.005421671,0.004839461,0.005701762,0.004932981,0.005132161,0.005371852,0.006261685,0.005231697,0.005373538,0.008566488,0.00534924,0.005143136,0.004387007,0.004502772,0.003693104,0.003850307,0.003989148,0.003933327,0.004032454,0.003731552,0.004418105,0.003555184,0.00376096,0.003508156,0.003510505,0.003713315,0.003063164,0.003155131,0.00294902,0.002787159,0.002275002,0.003009002
6,0.004352895,0.004163456,0.004118538,0.003951265,0.003984328,0.003563415,0.004372276,0.003851251,0.00398435,0.004221156,0.004834667,0.004094113,0.00412768,0.006742152,0.004262321,0.004058156,0.00344751,0.003371953,0.002887873,0.002983951,0.00312738,0.003032964,0.003027152,0.00290172,0.003276405,0.002819412,0.002813614,0.00266228,0.002704172,0.002908985,0.002451972,0.002530023,0.002367563,0.002272432,0.001897215,0.002471894
7,0.003244431,0.003086171,0.003045449,0.002946737,0.002983797,0.002673665,0.003319556,0.002977146,0.00306295,0.003283936,0.003696322,0.003200736,0.003166132,0.005301487,0.00339216,0.00319883,0.002733493,0.002545397,0.002278686,0.002333728,0.002473887,0.002453522,0.002383297,0.002366732,0.002546646,0.002342925,0.002321215,0.002229482,0.002299256,0.002514829,0.002163509,0.002203336,0.002064359,0.002012602,0.001717638,0.002205686
8,0.002529378,0.002403165,0.002370588,0.002295885,0.002325714,0.002101942,0.00256202,0.002299416,0.002370096,0.002541377,0.002867816,0.002564335,0.002534576,0.004206177,0.00269756,0.002493268,0.002153669,0.002028475,0.001834913,0.001873214,0.001969274,0.001973611,0.001940041,0.00195628,0.002088431,0.001914396,0.001999096,0.001932012,0.001991053,0.002129503,0.00186034,0.001946526,0.001830709,0.001807306,0.001539864,0.002003603
9,0.002107927,0.002020824,0.001992694,0.001931692,0.001957598,0.00178436,0.002052857,0.001843759,0.001903983,0.002041824,0.002309989,0.002139968,0.002113463,0.00347659,0.002234661,0.002023694,0.001791321,0.001706769,0.001559877,0.001587422,0.001655089,0.001653344,0.001644991,0.001684104,0.00178397,0.001629399,0.001755887,0.001707395,0.001758333,0.001838633,0.001631439,0.001736948,0.001639966,0.001639505,0.001394581,0.001838201
10,0.001916081,0.001875967,0.001849164,0.001794221,0.001819039,0.001672118,0.002074908,0.001864851,0.001929382,0.002069346,0.002347172,0.002097687,0.002070093,0.003376045,0.002174658,0.00192885,0.001814612,0.001749263,0.001615076,0.001638507,0.00169437,0.001599312,0.00161094,0.001674208,0.00176002,0.001601728,0.001530055,0.001496856,0.001540446,0.001574552,0.001419377,0.001391757,0.001319285,0.001335698,0.001134301,0.001514235
11,0.001987784,0.001888449,0.001860769,0.001807161,0.001832922,0.00169906,0.001955087,0.00175839,0.001822656,0.001955137,0.002223318,0.002028217,0.002000005,0.003233957,0.002087582,0.001812866,0.001739537,0.001696841,0.001582569,0.001600637,0.001641725,0.001507797,0.001537917,0.00162229,0.001692698,0.001534939,0.001450903,0.001427977,0.001468562,0.001467015,0.001343832,0.001307089,0.001244063,0.00127565,0.001081526,0.001461972
12,0.002145334,0.002014473,0.001984197,0.001928828,0.001957144,0.001829374,0.001967873,0.001771123,0.001839312,0.001973274,0.0022497,0.002102291,0.002071487,0.003321368,0.002148495,0.001825995,0.001762147,0.001739612,0.001638768,0.001652508,0.001681187,0.001504582,0.001554361,0.001664012,0.00172347,0.001557265,0.001467259,0.001452697,0.001492985,0.001457264,0.001356839,0.00130168,0.00124406,0.001292051,0.001093634,0.001496671
13,0.002281302,0.002227588,0.002179349,0.002117,0.002157874,0.002003428,0.002077412,0.001884181,0.001930726,0.002082236,0.002459009,0.002249316,0.002279805,0.003746585,0.002269814,0.001892303,0.00188237,0.00184192,0.001739851,0.001751723,0.001784471,0.001599793,0.001649707,0.001752221,0.001812607,0.001655873,0.001581831,0.001561506,0.001598442,0.001545896,0.001429834,0.001376522,0.001334854,0.001362168,0.001174405,0.001633273
14,0.002436544,0.002481581,0.002411567,0.00234087,0.002396947,0.00221038,0.002265486,0.002070804,0.002093349,0.002269773,0.002774919,0.002492923,0.002598977,0.004372299,0.002482691,0.002027322,0.002059226,0.001997262,0.001891715,0.00190167,0.001939781,0.001763872,0.001815616,0.001913272,0.001976757,0.001825776,0.001795956,0.001767726,0.001802424,0.001727123,0.00158666,0.001534685,0.001510243,0.001513913,0.001329779,0.001878719
15,0.002659727,0.002757375,0.002661679,0.002581762,0.002655668,0.002432406,0.002548298,0.002347661,0.002340738,0.002552007,0.003228126,0.003046066,0.003266463,0.005619602,0.002992169,0.002389265,0.002248762,0.002161966,0.002053304,0.0020609,0.002104987,0.001977331,0.002031683,0.002124085,0.002191817,0.002046808,0.002125063,0.002085669,0.002118322,0.00201105,0.001834747,0.001765586,0.001763433,0.001736062,0.00155395,0.002229572
16,0.002979109,0.00302908,0.002904487,0.002815214,0.002909012,0.002646396,0.002775837,0.002577624,0.002534308,0.002778643,0.00363473,0.003369319,0.003716405,0.006530954,0.003262616,0.00254292,0.002558216,0.002437951,0.002321754,0.002326712,0.002379645,0.002254786,0.002312637,0.002398716,0.002472072,0.002334106,0.0024671,0.002414537,0.002442866,0.002297613,0.002081422,0.002011684,0.002039581,0.00197147,0.001798712,0.002620057
17,0.003273684,0.003294916,0.003138427,0.003039724,0.003155332,0.002850982,0.002956928,0.002767836,0.002682917,0.002958579,0.00400015,0.003664711,0.004157833,0.007456206,0.00349597,0.002654115,0.002912029,0.002750893,0.002626975,0.002628472,0.002691855,0.002562,0.002623088,0.002699175,0.002778158,0.002652236,0.002835139,0.002767027,0.002788771,0.002598471,0.00233704,0.002272075,0.002338756,0.002219035,0.002064173,0.003051601
18,0.003499637,0.003521584,0.003374246,0.003282612,0.003372802,0.003075723,0.003088723,0.00288892,0.002813269,0.003097999,0.004634372,0.004065083,0.004602249,0.008437721,0.003610823,0.002622385,0.003192922,0.003081553,0.002923409,0.002929645,0.002959471,0.002812767,0.002900548,0.002944149,0.003059306,0.002906,0.003095483,0.003022786,0.003047632,0.002847649,0.002578783,0.002505279,0.002554325,0.002433853,0.00228164,0.003522945
19,0.003693963,0.003750152,0.003614677,0.003532006,0.003592149,0.003306133,0.003204343,0.00299455,0.002930429,0.003222273,0.005309747,0.004432532,0.005007909,0.009376051,0.00365642,0.00252131,0.003402064,0.003354559,0.003161792,0.003173443,0.003162003,0.002999004,0.0031147,0.003118569,0.0032717,0.003092179,0.003278696,0.003203477,0.00323097,0.003027461,0.002760348,0.002688891,0.002714744,0.00259807,0.002454997,0.003954189
20,0.0039329,0.003917898,0.003798985,0.003728356,0.003753292,0.003486521,0.003220957,0.003007407,0.002958292,0.003247851,0.005873373,0.004619289,0.005208448,0.00994695,0.003528246,0.002287782,0.003514914,0.003541023,0.003316231,0.003333557,0.003276074,0.00309138,0.003233436,0.003193457,0.003382607,0.003180992,0.003416998,0.003340476,0.003370362,0.003166985,0.002907131,0.002926615,0.002925025,0.002812048,0.002678846,0.004495959
21,0.00417333,0.004131836,0.004030528,0.003972814,0.003958732,0.003711525,0.003265796,0.00304639,0.003013144,0.003302638,0.006534079,0.004921758,0.005538775,0.010780082,0.00346896,0.002088153,0.003611791,0.00371765,0.003459723,0.003483086,0.003376023,0.003192154,0.003362399,0.003275682,0.003503344,0.00327804,0.003500507,0.003424043,0.003455929,0.003256569,0.003009463,0.003012146,0.002979305,0.002877742,0.002764295,0.004828954
22,0.004397562,0.004328873,0.004248248,0.004205536,0.004148037,0.003925173,0.003261319,0.003039148,0.003023577,0.003308304,0.007141907,0.005202803,0.005844099,0.011581447,0.003370652,0.00185072,0.003677202,0.003867299,0.003576641,0.003606218,0.003447223,0.003267139,0.003465512,0.003330223,0.00359636,0.003348234,0.003540066,0.003464702,0.003498239,0.003305774,0.003075309,0.003041066,0.00297578,0.002888397,0.002798214,0.005082882
23,0.004579656,0.004525623,0.004452029,0.004384812,0.004317163,0.004052216,0.003379657,0.00316417,0.003139695,0.003420772,0.00711088,0.005128526,0.005899321,0.012294324,0.003607553,0.001876851,0.003770414,0.003959455,0.003668126,0.003670022,0.003542837,0.003371305,0.003550497,0.003392262,0.003655154,0.003400482,0.003572695,0.003491492,0.00353916,0.003327787,0.00313403,0.003096906,0.003049987,0.002950298,0.002862485,0.005025209
24,0.004732331,0.004693923,0.004628617,0.004535649,0.004457718,0.004149994,0.003493713,0.003285794,0.0032521,0.003528592,0.007058824,0.005041505,0.0059496,0.013038713,0.003855541,0.001902007,0.003865954,0.004053778,0.003761914,0.003734781,0.003641028,0.003460481,0.003618761,0.003437604,0.00369565,0.003435616,0.003551443,0.003465595,0.003526759,0.003299567,0.003145684,0.003104979,0.003077309,0.002966768,0.002882713,0.004888773
25,0.004938159,0.004968695,0.004911158,0.004788286,0.004697621,0.004337243,0.003669489,0.003466283,0.003422308,0.003698326,0.00711548,0.005107997,0.006197132,0.014284136,0.004253816,0.001991041,0.00397052,0.004157271,0.003864527,0.003806873,0.003748134,0.003611705,0.003750667,0.003542424,0.003799686,0.003529687,0.003500652,0.003410964,0.003484875,0.003244051,0.003130653,0.003016859,0.003008558,0.002890998,0.002813157,0.004606472
26,0.005085434,0.005152245,0.005104531,0.004951919,0.004849489,0.004440122,0.003833392,0.003636555,0.003581876,0.003855581,0.007129462,0.004953147,0.006191952,0.015010066,0.004500746,0.001999972,0.004000138,0.004182091,0.003894223,0.003806208,0.003784767,0.003660622,0.003775396,0.0035453,0.003794052,0.0035218,0.003457805,0.003364194,0.003450695,0.003196095,0.003122013,0.002994032,0.003004006,0.002877378,0.002803876,0.00443105
27,0.005242433,0.00537997,0.005342543,0.005157034,0.005041342,0.004576862,0.004026977,0.00383601,0.003769621,0.004042161,0.007178514,0.004764262,0.006152991,0.015688843,0.004734943,0.001998511,0.004012349,0.004188661,0.00390698,0.003788754,0.003804999,0.003713635,0.003804145,0.003551788,0.003792214,0.003517415,0.003457333,0.003358698,0.003458722,0.003187381,0.003151344,0.003001474,0.003029501,0.0028927,0.002822726,0.004302957
28,0.005435086,0.005644045,0.005604776,0.005410137,0.005288751,0.004801422,0.004233056,0.004034478,0.00398582,0.004278256,0.007201569,0.004914822,0.006221209,0.015499834,0.005023792,0.002270266,0.00407487,0.004237596,0.003919347,0.003817575,0.003801727,0.003712675,0.00381339,0.003608289,0.003850738,0.003545338,0.003486947,0.003374146,0.003498873,0.003222434,0.003156503,0.00301327,0.003063848,0.002900572,0.00282225,0.004265496
29,0.005659518,0.005939689,0.005898358,0.005693494,0.005565733,0.005052816,0.0044583,0.004251377,0.004221857,0.004535976,0.007230757,0.005064066,0.006283467,0.015283403,0.005316058,0.002548527,0.004182465,0.004332987,0.003973814,0.00388784,0.00383889,0.003729937,0.003841574,0.003683741,0.003929451,0.003591284,0.00352758,0.003400014,0.003550271,0.003267809,0.003171238,0.003032488,0.003105842,0.002915571,0.002828672,0.004238307
30,0.00589212,0.006189737,0.00614666,0.005933146,0.005799992,0.00526543,0.004688253,0.004472936,0.004464211,0.004800824,0.007240136,0.005131855,0.006242494,0.014808625,0.005525157,0.002789357,0.004250277,0.004386728,0.003989201,0.003920328,0.003837887,0.00365829,0.003778207,0.003671526,0.003914634,0.0035517,0.00356249,0.003420105,0.003596115,0.003308036,0.003180402,0.00303096,0.003126589,0.002910625,0.002815745,0.004182105
31,0.006192372,0.006520501,0.006475114,0.006250156,0.006109865,0.005546664,0.004971017,0.004745069,0.004758937,0.005122382,0.007300308,0.005306382,0.006328833,0.0146294,0.005852097,0.003092464,0.004485463,0.004612315,0.004158953,0.004105484,0.003984498,0.003758791,0.003892911,0.003833595,0.004085619,0.003679998,0.003660897,0.003500672,0.003706438,0.003407497,0.003245456,0.003099484,0.003219966,0.002972889,0.002867702,0.004221741
32,0.006523673,0.006854721,0.006807,0.006570473,0.00642297,0.005830823,0.005292868,0.005054737,0.005093564,0.005487346,0.007381279,0.005498804,0.006431103,0.014470371,0.006204801,0.00341498,0.004772684,0.004889691,0.004371823,0.004335065,0.004170719,0.003902695,0.004053479,0.004045039,0.004309083,0.003853349,0.0037957,0.00361518,0.003854288,0.003541328,0.003341362,0.00320317,0.003351001,0.003068702,0.002951605,0.004306568
33,0.006848709,0.007186236,0.007135536,0.006875809,0.006736792,0.006135549,0.005611307,0.005386829,0.005419519,0.005815797,0.007657585,0.005843191,0.0067457,0.014104925,0.006419445,0.003758528,0.005012614,0.005174209,0.004627382,0.004622184,0.004427292,0.004142398,0.004336865,0.004240761,0.004548867,0.004043666,0.003992113,0.003787211,0.00403911,0.003709397,0.003520437,0.003381036,0.0035018,0.003210517,0.003087208,0.004446043
34,0.007177477,0.007527535,0.007473723,0.007189326,0.007060087,0.006450777,0.005957561,0.005748703,0.005774486,0.006172893,0.007953386,0.006197566,0.007067847,0.013706612,0.006637206,0.004114336,0.005264761,0.005475809,0.004898348,0.004928556,0.004700067,0.004415373,0.004659055,0.004464479,0.004822331,0.004261125,0.004225679,0.003992925,0.004260008,0.00391041,0.003732907,0.003595171,0.003686868,0.003384097,0.003253277,0.004623918
35,0.007399021,0.007849081,0.007792236,0.007482819,0.007365157,0.00675121,0.006371009,0.006178924,0.006197027,0.006599409,0.008317892,0.006489206,0.007315525,0.013127856,0.006782062,0.004432784,0.005629931,0.005900562,0.00527961,0.005350695,0.005080475,0.004790133,0.00509369,0.004783423,0.005203355,0.004570043,0.004541352,0.004274217,0.00456174,0.004185376,0.004018708,0.003898985,0.003959446,0.003638466,0.003496904,0.004904592
36,0.00778934,0.008234134,0.008173727,0.007835603,0.007730122,0.007108503,0.006743903,0.006573425,0.006582639,0.006983696,0.008607767,0.006860188,0.007649898,0.012670594,0.007004359,0.004809461,0.005856097,0.006185114,0.005535626,0.005650582,0.005342146,0.005102917,0.00546771,0.005032379,0.005513222,0.004812717,0.004838854,0.004536183,0.004843057,0.00444135,0.004289343,0.004181873,0.004205766,0.003869252,0.003717748,0.00514479
37,0.008235691,0.008653146,0.00858885,0.008219282,0.00812732,0.007497675,0.007112626,0.006967209,0.006966514,0.007363462,0.008872237,0.007253138,0.00800506,0.012201092,0.007241758,0.005206971,0.006076823,0.006468379,0.005790622,0.005953194,0.005604258,0.005426589,0.005858219,0.005284703,0.005831376,0.005059179,0.005141746,0.004801035,0.005127663,0.004700085,0.004565639,0.004481352,0.004463963,0.004111488,0.00394948,0.005391825
38,0.008749727,0.009098473,0.009030854,0.008642185,0.008545471,0.007883302,0.007490458,0.007333638,0.007325404,0.007728373,0.009181956,0.007538759,0.008254282,0.012184786,0.007486243,0.005488783,0.00634262,0.006729814,0.006065981,0.006233133,0.005941503,0.005725974,0.00618563,0.005599929,0.006221168,0.005351624,0.00545523,0.005075463,0.005438374,0.004955269,0.004819243,0.004724211,0.00476041,0.004366335,0.00420648,0.005664486
39,0.009284171,0.009563777,0.009492683,0.009084047,0.008982366,0.008286203,0.007882526,0.007713665,0.007697183,0.008105551,0.009494212,0.007855056,0.008533531,0.012191358,0.007758985,0.005797052,0.006615606,0.006996885,0.006350262,0.006521951,0.006294029,0.006036303,0.006525348,0.005928574,0.006630673,0.005655825,0.005774744,0.005353486,0.005754885,0.005212476,0.005075447,0.004976047,0.005072167,0.004633154,0.004476403,0.005945668
40,0.010025178,0.010101897,0.010026782,0.009595044,0.009487616,0.008752123,0.008160712,0.007981971,0.007956896,0.008363564,0.009656599,0.008124911,0.008758997,0.012100851,0.007983813,0.006074926,0.006808824,0.007177808,0.0065598,0.006733739,0.006578252,0.006386977,0.00690922,0.006299807,0.007093048,0.00599949,0.006035798,0.005575505,0.006012947,0.005413805,0.005277823,0.005223755,0.005386129,0.004899897,0.004747664,0.006219619
41,0.010566314,0.010650767,0.01057155,0.010116237,0.010002944,0.009227317,0.008659044,0.008465248,0.008430222,0.008844843,0.010065057,0.008552844,0.009150834,0.012215494,0.008361434,0.006475627,0.007130529,0.007492251,0.006895118,0.007074371,0.006994986,0.006743165,0.007299627,0.006679671,0.007570748,0.006350131,0.006439962,0.005927601,0.006413356,0.005739877,0.005602464,0.005538298,0.005776262,0.005233577,0.005085364,0.006570585
42,0.011108299,0.011263925,0.011180121,0.010698456,0.010578609,0.009758127,0.009235467,0.00902439,0.008978135,0.009402544,0.010543715,0.009052029,0.009613133,0.012388579,0.00880513,0.006936932,0.007483,0.007836493,0.007262786,0.007447832,0.007452773,0.007124351,0.007717702,0.00708766,0.008086216,0.0067262,0.006912861,0.006340178,0.006881927,0.006122441,0.005983128,0.005903474,0.006227984,0.005620244,0.005476448,0.006978516
43,0.01171669,0.011895601,0.011825981,0.011324663,0.01124398,0.010391288,0.009880603,0.009681243,0.009630886,0.009976731,0.011065356,0.009588815,0.010058866,0.012810595,0.009241721,0.00746642,0.007858499,0.00825706,0.007691681,0.007885728,0.007902836,0.007555009,0.008179487,0.00752395,0.008596249,0.007205863,0.007428468,0.00682698,0.007412436,0.006619289,0.006481481,0.006372351,0.006686253,0.006061133,0.005927739,0.007500572
44,0.012358936,0.012572797,0.012519327,0.011997297,0.011960899,0.011074345,0.010601477,0.010415701,0.010360742,0.010616774,0.011644244,0.010200503,0.010570367,0.013300568,0.009741665,0.008066338,0.008271937,0.008720593,0.008165007,0.008368964,0.008399672,0.008020996,0.008678943,0.0079964,0.009149145,0.007728312,0.008017094,0.007383051,0.00801851,0.007187483,0.007051687,0.006901984,0.007202702,0.006558958,0.006438037,0.008089241
45,0.0129278,0.013368803,0.013333503,0.01278678,0.012800465,0.011873462,0.01156069,0.011388486,0.011327545,0.011482428,0.012451065,0.011025099,0.011286371,0.014027923,0.010433764,0.00884976,0.008883793,0.009397357,0.008843607,0.009062347,0.009109142,0.008515441,0.009208567,0.008498272,0.009737372,0.008287974,0.008740081,0.008065414,0.00876219,0.007883597,0.007749755,0.007370198,0.007649493,0.006997587,0.006893548,0.008600966
46,0.013711392,0.014138765,0.014124413,0.013555119,0.013625446,0.012661775,0.012412247,0.012259706,0.012193202,0.01222718,0.013105558,0.011727715,0.011860542,0.014557224,0.01099879,0.009551434,0.009253693,0.009822027,0.009290573,0.009518075,0.009581385,0.00899376,0.009720097,0.008985124,0.010310058,0.008841941,0.009408975,0.008700655,0.009455091,0.008538982,0.008410307,0.008028191,0.00828703,0.00761542,0.007529324,0.009328767
47,0.014581912,0.014956787,0.014966113,0.014373377,0.014507341,0.01350572,0.013296291,0.013167234,0.013094852,0.012990751,0.013760118,0.012478413,0.012467698,0.015106951,0.011598124,0.010307059,0.009633094,0.010259919,0.009754476,0.009990943,0.010072204,0.0094929,0.010253483,0.009493864,0.010909578,0.009426508,0.010085929,0.009346072,0.010159473,0.009209562,0.009088276,0.008751643,0.008984475,0.008294167,0.008229909,0.010125907
48,0.015461229,0.01587006,0.015879959,0.015250753,0.015392958,0.014329753,0.014088709,0.013922273,0.013898199,0.013909914,0.014714995,0.013325501,0.013218876,0.015741535,0.012290362,0.010956186,0.010226531,0.01082074,0.010216835,0.010481665,0.010537882,0.010019502,0.010810379,0.010084595,0.011585017,0.010025448,0.010737674,0.009987458,0.010825713,0.009935447,0.009790259,0.009523698,0.009760322,0.009012069,0.008998682,0.010997161
49,0.016401552,0.01682414,0.016834639,0.0161673,0.016318121,0.015190527,0.014924256,0.01471623,0.014746947,0.01488974,0.015731763,0.014280178,0.01406574,0.016458064,0.013070758,0.011687797,0.010924225,0.011484265,0.010768492,0.011065876,0.011094405,0.010603513,0.011427816,0.010740766,0.012335294,0.010690916,0.011394265,0.010638397,0.011498152,0.010683446,0.01051212,0.010359543,0.010598716,0.009787983,0.009834944,0.011938398
50,0.017515814,0.017695949,0.017706998,0.017004782,0.017163484,0.015977007,0.015813763,0.015559434,0.015652064,0.015942746,0.016823442,0.015407225,0.015069676,0.0173214,0.013996145,0.01255353,0.011430743,0.011939895,0.011118381,0.011444408,0.011441859,0.011203819,0.012061294,0.011421676,0.013113587,0.011382581,0.012058728,0.01130187,0.012179885,0.011456943,0.011257131,0.011522798,0.011768598,0.010870238,0.010990945,0.013252638
51,0.01857372,0.018827722,0.018839484,0.01809195,0.01826089,0.016997905,0.016822219,0.016515277,0.016678292,0.017137127,0.0180617,0.016656206,0.016178471,0.018262999,0.015017837,0.013510775,0.012489868,0.012963827,0.011988056,0.01236033,0.012322761,0.011980363,0.012882804,0.012291876,0.014108926,0.012264709,0.012801712,0.012044501,0.012942388,0.012324574,0.01209256,0.012492115,0.012736618,0.011766479,0.011971606,0.014338719
52,0.019705824,0.02009839,0.020110954,0.019312479,0.019492928,0.018143956,0.017933155,0.017566786,0.017809921,0.01846004,0.019432525,0.018030953,0.017393712,0.019278377,0.016137143,0.014561463,0.013720472,0.014152206,0.01299583,0.013422127,0.013343293,0.012857883,0.013810816,0.013277265,0.015236064,0.013263953,0.013645807,0.012888582,0.013808776,0.013311753,0.013042951,0.013543115,0.013784363,0.01273668,0.013039628,0.015513976
53,0.021035504,0.021470614,0.021513782,0.020712728,0.020824003,0.019446933,0.019232671,0.018901071,0.019115349,0.019689829,0.020742067,0.019336033,0.018736373,0.020433331,0.017407732,0.015673655,0.014898581,0.015428187,0.014228405,0.014667202,0.014579749,0.013970045,0.014940726,0.014304559,0.016349069,0.014270409,0.014653568,0.013915411,0.014792856,0.014280179,0.013989045,0.014622704,0.014857797,0.013749283,0.014176018,0.016861342
54,0.022479659,0.022967149,0.023045304,0.022244188,0.022275631,0.020871282,0.020639233,0.020349081,0.020529231,0.021014211,0.022153402,0.020709832,0.020157334,0.021627274,0.018754484,0.016849576,0.016156157,0.016797157,0.015557324,0.016006752,0.015909882,0.015162842,0.016147162,0.015396167,0.017525637,0.015338017,0.015741233,0.015028915,0.01585245,0.015324341,0.01500892,0.015753236,0.015979,0.014809342,0.015377055,0.018285
55,0.023974532,0.024800788,0.024919904,0.024115219,0.024054115,0.022611977,0.022162703,0.02192158,0.022061627,0.02244139,0.023675455,0.021939184,0.021449168,0.022637528,0.019984541,0.017916119,0.017801971,0.01858274,0.01728456,0.017750437,0.017641411,0.016375016,0.017364228,0.016488693,0.018692874,0.016403422,0.017010573,0.016327999,0.017089205,0.01654294,0.016199158,0.016812545,0.017023954,0.015802053,0.016523856,0.019643373
56,0.025762307,0.026524968,0.02668969,0.025894033,0.025726492,0.024264066,0.023805673,0.023622251,0.023715388,0.023972031,0.025309217,0.023471273,0.023049054,0.02392544,0.02150495,0.019237782,0.019052304,0.019968355,0.018652835,0.019119586,0.019000447,0.01774942,0.018742776,0.017724658,0.020011807,0.017608182,0.018319338,0.017678267,0.018359203,0.017797249,0.017423855,0.018150289,0.018346471,0.017055859,0.017961093,0.021346831
57,0.027743963,0.028354143,0.02857034,0.027789588,0.027500675,0.026023244,0.025568308,0.025452392,0.025490951,0.02560431,0.027053058,0.025158575,0.024815518,0.02533094,0.023184758,0.020696142,0.020351118,0.021416548,0.020091082,0.020555261,0.020425342,0.019290178,0.020285197,0.019104461,0.021480836,0.018952063,0.019769588,0.019179346,0.019764172,0.019186159,0.018779764,0.01963665,0.019814022,0.018448668,0.019565279,0.023248272
58,0.029735126,0.030346046,0.030577665,0.029741237,0.029431734,0.027849108,0.027304096,0.027210428,0.027361827,0.027466086,0.029168047,0.027099175,0.026706392,0.027069089,0.024932449,0.022325926,0.021830858,0.023088954,0.021577482,0.022193117,0.021919122,0.020836739,0.021934768,0.020745015,0.023222614,0.020568979,0.021305153,0.020736449,0.021233209,0.020713201,0.020386603,0.021293744,0.021636991,0.020093581,0.021233231,0.025069606
59,0.031837719,0.032456728,0.032704722,0.03180918,0.031477816,0.02978352,0.029159222,0.02909167,0.029372277,0.029465507,0.031450383,0.029318598,0.028868461,0.029053053,0.026930207,0.024189856,0.02355656,0.025039473,0.0233109,0.024103191,0.023661202,0.022609144,0.023826085,0.0226285,0.025219671,0.022424995,0.022956935,0.022417089,0.022807812,0.022358903,0.02212759,0.023088912,0.023625404,0.021883333,0.023041666,0.027030386
60,0.034083626,0.034366888,0.034629732,0.033680585,0.0333294,0.031533862,0.030887411,0.030850613,0.031275092,0.031354456,0.03363594,0.031942827,0.031424896,0.031399991,0.029292077,0.026392601,0.02523929,0.026963392,0.025006023,0.025993018,0.025361547,0.024779232,0.026141404,0.024931616,0.027664905,0.024694743,0.02456678,0.024067566,0.024330189,0.023969655,0.023851874,0.025384123,0.026155528,0.024164091,0.025352445,0.029549997
61,0.036401592,0.036818622,0.037100566,0.036082468,0.035705789,0.033780055,0.033100946,0.033099133,0.033691937,0.033756009,0.036395602,0.034761793,0.034168199,0.033895453,0.031824053,0.028762065,0.027581454,0.029615161,0.027359417,0.028590444,0.027726264,0.027052814,0.028571297,0.027363395,0.030230454,0.027089559,0.026634853,0.026179052,0.026294348,0.026034018,0.026047752,0.027489972,0.028522834,0.026283461,0.02747771,0.03181875
62,0.038869981,0.039494734,0.039797582,0.038704032,0.038299457,0.036231288,0.035506454,0.035545296,0.036330785,0.036376767,0.039419696,0.037832675,0.037153985,0.036590073,0.034577354,0.031346015,0.030212423,0.032605697,0.030005465,0.031522469,0.03038344,0.029577682,0.031272599,0.030076106,0.033082321,0.029759895,0.029033978,0.028630722,0.028570656,0.028429964,0.028600031,0.029787919,0.031122191,0.028605282,0.029798619,0.034280142
63,0.041485366,0.042094172,0.042473013,0.041409696,0.041338382,0.038977542,0.038505945,0.038325081,0.039065751,0.039147219,0.042361286,0.040870612,0.040209631,0.039689241,0.037685074,0.034137342,0.033007693,0.035717042,0.032941138,0.034612115,0.033607004,0.032586022,0.034319052,0.032917403,0.036339719,0.032315668,0.032018271,0.031494389,0.031298991,0.031034901,0.031177473,0.032373956,0.033682203,0.031152062,0.032336644,0.037073997
64,0.04431881,0.044814621,0.045278446,0.044256622,0.044569159,0.041886507,0.041819973,0.041383616,0.042068568,0.042191046,0.045589794,0.044100588,0.043466158,0.043001567,0.041024624,0.037133956,0.035975878,0.039033618,0.036079464,0.03791593,0.037084629,0.035845711,0.037605792,0.035972669,0.039858255,0.035034329,0.035385757,0.034719938,0.03436252,0.033951359,0.034059719,0.035178116,0.036445846,0.033919065,0.035084445,0.040088056
65,0.047943014,0.048380495,0.048947661,0.047964716,0.048727738,0.045644962,0.045474202,0.044741108,0.045357333,0.045527153,0.049124374,0.047342251,0.046746798,0.046353379,0.044432776,0.040187975,0.039565284,0.043045981,0.039875518,0.041912892,0.041292945,0.039375405,0.041149555,0.039255912,0.043656539,0.037923966,0.039262268,0.038427776,0.037875518,0.037288062,0.037354224,0.037490337,0.03867729,0.036221947,0.037333982,0.042511507
66,0.051337928,0.051596021,0.052272623,0.051354559,0.052628868,0.049139512,0.049670482,0.048589481,0.049123546,0.04934874,0.053172223,0.051057933,0.050509083,0.050199705,0.048348102,0.043694693,0.042645069,0.046524402,0.043193807,0.045408519,0.045062222,0.043125962,0.044896161,0.042713551,0.047677868,0.040927433,0.043465271,0.04243615,0.041653778,0.040859335,0.040873267,0.040980811,0.042099828,0.039673711,0.040748061,0.046242054
67,0.055059103,0.055211916,0.056013943,0.055172702,0.057036978,0.053083015,0.054386665,0.05289832,0.053332289,0.053622017,0.057694722,0.055153564,0.054662712,0.054454218,0.052694185,0.047583942,0.04587764,0.050190578,0.046701704,0.049104976,0.049083644,0.047219419,0.048969928,0.046461718,0.052055334,0.044150331,0.048111737,0.046856667,0.045802728,0.044765071,0.044715415,0.044936989,0.045968651,0.043590407,0.044613908,0.050458135
68,0.059191001,0.059655872,0.060524429,0.059613407,0.06163241,0.057350655,0.058584734,0.05774547,0.058095142,0.058512397,0.063318594,0.060302196,0.059810687,0.059043076,0.057240764,0.051266527,0.049950065,0.054532193,0.050265107,0.053238627,0.052883759,0.050790553,0.053386359,0.050626924,0.056961174,0.048686694,0.05274153,0.051597831,0.050446367,0.049350741,0.049248135,0.049618897,0.050567809,0.047808522,0.049037458,0.054983463
69,0.063706373,0.064604246,0.065547237,0.064558143,0.066750274,0.062101813,0.063160168,0.06310153,0.063348026,0.063914561,0.06956273,0.066110768,0.065620993,0.064190816,0.062347348,0.055375257,0.05455793,0.059440956,0.054270904,0.05790652,0.057159121,0.054729971,0.058320393,0.055277735,0.062458729,0.053794033,0.057811857,0.056815668,0.05555754,0.054402806,0.054236845,0.054899647,0.055740754,0.052540572,0.054009179,0.060032453
70,0.068305301,0.070165259,0.071192349,0.070115047,0.072502801,0.067440073,0.069104007,0.069992366,0.070115265,0.070867067,0.07757858,0.072759718,0.072274236,0.070054903,0.068170337,0.060033477,0.058865282,0.064002439,0.057879628,0.062216847,0.061025112,0.058379318,0.063082192,0.059760747,0.067811734,0.058847398,0.063055545,0.062253432,0.060885499,0.059676966,0.059436831,0.060507632,0.061206065,0.057517314,0.059255325,0.06528621
71,0.073645128,0.0759287,0.077043451,0.075874205,0.078465892,0.072971393,0.074284742,0.076293621,0.076263066,0.07721715,0.085019353,0.080152455,0.079676229,0.0765226,0.07460418,0.06513151,0.065107175,0.070650639,0.063273202,0.068530486,0.066787477,0.063368501,0.069456594,0.065763105,0.074949532,0.065522715,0.069177059,0.068613057,0.067116441,0.065846652,0.065517347,0.067213143,0.06773681,0.063458705,0.065522041,0.071553548
72,0.079407286,0.081982334,0.083189715,0.081923314,0.084730515,0.078779833,0.0797652,0.083088128,0.082875235,0.08406149,0.093093141,0.088388267,0.087927316,0.083669337,0.081726233,0.070720106,0.072235546,0.078236046,0.069379011,0.075722072,0.073318215,0.068912568,0.076642415,0.072524803,0.083024041,0.073110047,0.075918996,0.075651712,0.074013276,0.072681713,0.072246877,0.074772481,0.075075948,0.070115079,0.072558134,0.078531192
73,0.086190029,0.088459215,0.089689838,0.088545129,0.091491609,0.08496304,0.087434497,0.090000294,0.09010895,0.090550354,0.101217303,0.096634502,0.096208605,0.090771433,0.090603988,0.077961315,0.079146141,0.086314741,0.07679426,0.083111059,0.081710892,0.076991326,0.08474074,0.079749871,0.092108444,0.079780756,0.083649656,0.08345488,0.081996023,0.079845468,0.079690114,0.082626641,0.082858045,0.077458795,0.080686378,0.087362086
74,0.093659094,0.095514375,0.096765053,0.095769907,0.098862605,0.091694121,0.09569198,0.097335032,0.097824149,0.097378141,0.109885342,0.105475107,0.105096576,0.09829584,0.10027933,0.085799821,0.086533715,0.095037453,0.084830619,0.091031402,0.090880189,0.085977333,0.093658897,0.087653662,0.102153244,0.087003691,0.092241963,0.092138208,0.090914855,0.087781257,0.08797027,0.09140559,0.091545216,0.085662542,0.089826158,0.097299769
75,0.101689155,0.102673619,0.103933496,0.10312466,0.106353157,0.098517875,0.103313151,0.103841929,0.104764966,0.103292381,0.11767799,0.117526564,0.117201913,0.108633656,0.113299602,0.096372344,0.095551095,0.105702409,0.094649802,0.100705298,0.102099515,0.099228828,0.107004914,0.099566381,0.117139723,0.098035855,0.102502242,0.102511678,0.101584479,0.097243047,0.097857884,0.102642211,0.102666598,0.096156082,0.10151277,0.110018131
76,0.110459491,0.110594367,0.111860139,0.111271941,0.114646611,0.106063078,0.11286084,0.112092425,0.1135285,0.110848139,0.127532019,0.126976265,0.126732731,0.116401421,0.124133798,0.104989398,0.103837386,0.115712045,0.103947767,0.109644906,0.11290008,0.109426287,0.116797712,0.1080567,0.128313143,0.105523389,0.112490785,0.112639743,0.112102813,0.106384562,0.10750843,0.112863288,0.112742247,0.105693674,0.112341713,0.121816231
77,0.119806448,0.118737227,0.119997455,0.11967246,0.123184561,0.113812371,0.123326481,0.121028231,0.123060984,0.118972146,0.138258222,0.136448996,0.136304345,0.124032845,0.135279248,0.113767852,0.112497498,0.126300909,0.113826056,0.119019053,0.12448146,0.119793541,0.126561398,0.116411945,0.139535372,0.112728287,0.122992622,0.123308994,0.123254245,0.115945032,0.117670655,0.123578023,0.123281112,0.115684465,0.123808156,0.13432216
78,0.128876855,0.126853573,0.128205594,0.127856915,0.131625398,0.121571187,0.133222275,0.131632937,0.133041704,0.12934947,0.149764162,0.146856662,0.146199121,0.132030228,0.1447935,0.123339977,0.123020954,0.137068534,0.124257452,0.130252692,0.134592489,0.128541798,0.13647567,0.125311647,0.149265098,0.122476079,0.134775074,0.134625311,0.13499645,0.125912037,0.128197509,0.135231055,0.134904212,0.126545038,0.135484395,0.147064955
79,0.138388077,0.135037187,0.136482527,0.136109768,0.140138976,0.129391488,0.143882938,0.143147418,0.143804507,0.140611465,0.162209154,0.157449714,0.156203565,0.139979378,0.154370862,0.13319713,0.134222575,0.148408369,0.135335479,0.142225592,0.145174308,0.137345658,0.146552563,0.134326314,0.158987631,0.132509123,0.147493423,0.146783291,0.147663923,0.136537816,0.139472474,0.147689619,0.147330387,0.138146794,0.147968072,0.160704085
80,0.147333291,0.145149614,0.14671134,0.146308548,0.150663039,0.139051032,0.159967864,0.160261326,0.160012654,0.157354646,0.180930319,0.159421165,0.157616255,0.14020834,0.15543875,0.135929222,0.145302779,0.159418524,0.14625105,0.154088754,0.155340608,0.139633896,0.149711871,0.137018765,0.16103438,0.136426226,0.163576932,0.162177729,0.163686124,0.150007475,0.153749149,0.158953754,0.158564889,0.148627664,0.159255183,0.173049559
81,0.158850705,0.154503734,0.156174185,0.155743334,0.160401805,0.147982317,0.16833615,0.169516615,0.168801078,0.16769506,0.191718344,0.173800846,0.171448538,0.151065995,0.168311129,0.148296511,0.157386107,0.171632825,0.158552094,0.167921,0.166458627,0.151806987,0.163567631,0.150290859,0.174927265,0.149908174,0.175170318,0.173035132,0.175990118,0.159668972,0.164382292,0.171467664,0.1714703,0.160930186,0.172064311,0.187283688
82,0.171977614,0.16518536,0.166981229,0.166518007,0.17152727,0.15817646,0.178605876,0.180724026,0.180429938,0.179646985,0.20392535,0.191440456,0.190276967,0.164716007,0.185379663,0.162992967,0.17143389,0.186960113,0.173146152,0.183621352,0.180698514,0.167400445,0.182086287,0.166761329,0.19310722,0.166036562,0.188812215,0.186111482,0.189728745,0.171173481,0.177427464,0.185430777,0.186988722,0.173912359,0.187659095,0.204151666
83,0.18759042,0.179695192,0.180438484,0.178272566,0.184160005,0.168942602,0.191342705,0.19725114,0.195773159,0.193141477,0.222544258,0.214923586,0.212536374,0.182875351,0.207728076,0.178723249,0.189084298,0.205672718,0.188653316,0.200483537,0.202322131,0.186988319,0.204483291,0.185026877,0.21464397,0.182745356,0.205653092,0.202409281,0.206135139,0.187412641,0.192905741,0.203510975,0.2052277,0.189511786,0.207039117,0.224909549
84,0.205216115,0.196438851,0.195935415,0.191762574,0.198678783,0.181280009,0.208616462,0.217295208,0.213543237,0.209072228,0.245499974,0.240941005,0.235281874,0.205795092,0.233842291,0.198550172,0.209472866,0.22316516,0.204761968,0.218580824,0.224771928,0.208644931,0.226683964,0.207580537,0.238197094,0.200528338,0.226532003,0.22065267,0.223725096,0.207052179,0.211424086,0.225130686,0.225202693,0.208217708,0.225892073,0.246312836
85,0.222079732,0.204554829,0.202673351,0.196488903,0.204151418,0.185328934,0.231993453,0.232428338,0.233177199,0.231380846,0.272315248,0.264894153,0.260786632,0.227184701,0.257041107,0.218258983,0.227989213,0.237933153,0.229528912,0.237243915,0.24372455,0.230585421,0.250958241,0.232799815,0.26806688,0.219228674,0.250762811,0.244288371,0.243275946,0.224549765,0.23242326,0.243885237,0.244362248,0.227190016,0.242929422,0.266983863
86,0.237810222,0.218785662,0.216746356,0.210047348,0.21834836,0.197974914,0.252796135,0.249965095,0.251684851,0.257239491,0.292132796,0.282144099,0.286949864,0.241776325,0.273190373,0.229462579,0.248638475,0.257996997,0.254197407,0.254320416,0.260489768,0.250662314,0.276340061,0.253966657,0.29141053,0.238457496,0.272078704,0.268264844,0.266168808,0.240278264,0.250775547,0.258140118,0.265514152,0.245851296,0.264203256,0.293476917
87,0.254519806,0.233895744,0.231688183,0.22444073,0.233422311,0.211396143,0.274891727,0.270265011,0.268357651,0.27897597,0.307793306,0.304862106,0.305541841,0.260684429,0.295888078,0.23966825,0.273367241,0.28079444,0.271586825,0.274579574,0.280261205,0.268116154,0.295180994,0.270549191,0.306147144,0.253810958,0.28929359,0.287642774,0.287409522,0.26389568,0.272319522,0.272575112,0.283580862,0.265925548,0.285129441,0.313958952
88,0.272251668,0.249924977,0.247538378,0.239707417,0.249413095,0.225628852,0.296003798,0.276541746,0.280378573,0.289974694,0.330962007,0.33178191,0.316570966,0.277781542,0.32739471,0.261432489,0.29116675,0.292435156,0.290245317,0.29772999,0.297103835,0.289629989,0.307794528,0.283633725,0.321150801,0.261905858,0.303696226,0.302923262,0.305096156,0.283785681,0.293392153,0.296461234,0.304778756,0.283562932,0.301582925,0.325604964
89,0.291048718,0.266913308,0.264336563,0.255885947,0.266360592,0.240709584,0.306403331,0.287114994,0.291703826,0.309288117,0.365170225,0.350546601,0.343637513,0.285052542,0.357126793,0.285475564,0.304429635,0.305118884,0.305798032,0.314670882,0.313112553,0.315347837,0.322455748,0.307331126,0.343719685,0.275544861,0.320359867,0.324766788,0.329908298,0.296283284,0.311543452,0.325912567,0.337378474,0.304510165,0.323600226,0.346749654
90,0.310953307,0.284900505,0.282122213,0.273014824,0.284304507,0.256675026,0.304863846,0.30855545,0.303053694,0.333117992,0.380002025,0.3692421,0.366193403,0.281290901,0.365738784,0.299639279,0.31438104,0.328890592,0.310150506,0.32116948,0.329653337,0.328904119,0.329948978,0.324708956,0.366027469,0.294389772,0.346995506,0.34843228,0.355196221,0.307244852,0.320390229,0.348239491,0.353333486,0.32841288,0.350611267,0.367143257
91,0.332006918,0.303925908,0.300934419,0.291132299,0.303284125,0.273561823,0.315540788,0.33021211,0.321281178,0.346466457,0.375910795,0.396206472,0.375030106,0.284435791,0.370318919,0.317566751,0.324840845,0.361033748,0.317553051,0.329871331,0.350342897,0.353262068,0.338839567,0.33576974,0.381689843,0.313540312,0.378234686,0.35398412,0.368179316,0.317684595,0.326384254,0.37680533,0.364928296,0.342879082,0.377348315,0.383637932
92,0.354249857,0.324028168,0.320811633,0.310276128,0.323338056,0.291406368,0.358678723,0.357917158,0.340479575,0.356790429,0.401048317,0.418137719,0.40944955,0.313516588,0.398456439,0.348970622,0.356108907,0.39417237,0.34197898,0.349160965,0.390546966,0.392633644,0.368189778,0.366892319,0.405428533,0.330021435,0.398808579,0.368644945,0.392799251,0.33922551,0.35376843,0.404008231,0.40002001,0.352801756,0.40770439,0.415606078
93,0.377720917,0.345244972,0.341791392,0.330483326,0.344503955,0.31024459,0.404220172,0.385228649,0.352511398,0.37650159,0.436075113,0.430052699,0.458829484,0.347564452,0.423394712,0.389249972,0.388788791,0.416628117,0.376343102,0.375016563,0.420707613,0.421974326,0.420304727,0.40449317,0.415386213,0.359268739,0.424772004,0.419261825,0.450692836,0.383925616,0.411633929,0.424257551,0.434489368,0.385048319,0.436162486,0.462967662
94,0.402457048,0.36761276,0.363910047,0.351789905,0.366818244,0.330111716,0.395609911,0.404507742,0.374604846,0.40420554,0.4721279,0.449698797,0.511797695,0.371457776,0.435806911,0.419937391,0.416345907,0.432630551,0.410381446,0.400377498,0.422256038,0.425514783,0.444867656,0.433219928,0.436286584,0.40708132,0.45187929,0.469425732,0.494103814,0.429308487,0.450207685,0.454001118,0.461659024,0.440083104,0.456915354,0.515307322
95,0.428493018,0.391166429,0.38720247,0.374230596,0.390315814,0.351042035,0.384304109,0.439442981,0.423727513,0.436502009,0.539745463,0.49032985,0.550320884,0.424956689,0.463515714,0.420404262,0.451049929,0.466920667,0.430904226,0.436067121,0.425468482,0.421028954,0.439301354,0.462456292,0.490032981,0.449306474,0.461441032,0.519407023,0.498063451,0.46872362,0.437374798,0.476287019,0.505051993,0.45783457,0.486246336,0.555006535
96,0.455861087,0.415939043,0.411701765,0.397838583,0.41502974,0.373068644,0.418897103,0.485253821,0.470099809,0.472659673,0.579749367,0.514514423,0.5371974,0.483474444,0.492228082,0.416867955,0.437270066,0.521888676,0.44192209,0.466195505,0.442675057,0.469027679,0.516241498,0.490994519,0.508205738,0.480763898,0.452304052,0.584985095,0.509660801,0.4794561,0.456281918,0.494737741,0.53959964,0.481617592,0.539824748,0.59203003
97,0.484590685,0.441961537,0.43743898,0.422645217,0.44099098,0.396223197,0.416465129,0.491681431,0.50968806,0.481715475,0.601646677,0.494257947,0.510408,0.494156217,0.501586445,0.449115681,0.414130674,0.537115033,0.453906702,0.52928321,0.491112926,0.543764286,0.575364145,0.488010244,0.509743958,0.534217,0.433717621,0.648958127,0.512851967,0.459475795,0.465804264,0.492982009,0.560877945,0.492442273,0.594641182,0.648539104
98,0.514708108,0.469262432,0.464442822,0.448679745,0.468228099,0.420535646,0.417414041,0.504835528,0.565293899,0.438471405,0.658541651,0.555180404,0.53573279,0.528861696,0.53541618,0.470708599,0.45598173,0.533929992,0.447705081,0.607944478,0.511242638,0.610791739,0.520340443,0.484449652,0.602175402,0.595566852,0.449765367,0.739031518,0.582090467,0.456654393,0.465930304,0.547065941,0.642840385,0.489085637,0.58055336,0.741889533
99,0.546236245,0.497867565,0.492739389,0.475969046,0.496766987,0.446033991,0.540567593,0.628336957,0.59187665,0.378066134,0.662375522,0.589103321,0.584097825,0.594498099,0.527122697,0.506808658,0.508870295,0.562118918,0.512863139,0.555311486,0.531901596,0.73215922,0.548784507,0.54106904,0.693147181,0.653926467,0.529517757,0.708571651,0.68102582,0.396960998,0.571384273,0.689450319,0.720976304,0.560657998,0.648542874,0.731929563
100,0.57919432,0.52779983,0.522351909,0.504537373,0.526630613,0.472744034,0.715029892,0.760842193,0.563094052,0.427937964,0.588609372,0.439113142,0.714808677,0.796179406,0.463431864,0.509224342,0.574541438,0.523404406,0.642716327,0.479728179,0.605563885,0.98391092,0.609614068,0.676197622,0.727048732,0.693147181,0.492476485,0.508843463,0.660357358,0.208638865,0.779531795,0.567984038,0.710538923,0.465253026,0.854158951,0.678109303
